Name,Action,Industry,Country
Computer Universe,"computeruniverse-интернет магазин компьютерных комплектующих, приостановил поставки в Россию.",NaN,Германия
Wunderground,"Wunderground - сервис получения информации о погоде, заблокировал доступ из РФ.",NaN,США
Weather.com,Weather.,NaN,США
Tikkurila,"Финский производитель лакокрасочных материалов Tikkurila объявил, что готовится уйти с российского рынка.",NaN,Финляндия
Piriform Software Ltd,"Наша миссия - упростить задачу ухода за вашими устройствами путем разработки программных средств, которые устраняют реальные проблемы.",NaN,Великобритания
yummyanime.club,Сайт для просмотра аниме ушел с РФ и отключил сайт.,NaN,Украина
FructCode,FructCode - Курсы и уроки разработки и программирования веб сайтов.,NaN,Эстония
TicketMaster,"Ticketmaster Entertainment, Inc.",NaN,США
Theme Technologies LLC ,"Theme Technologies LLC -услуги в области информационных технологий, консалтинга и бизнес-процессов.",NaN,Канада
Pexels,"Сервис бесплатных стоковых фотографий и видео Pexels закрыл доступ к своим материалам для пользователей из России, говорится в сообщении на его сайте.",NaN,Германия
Upwork ,Сайт для поиска работы фрилансерами в сфере IT и не только.,NaN,США
DMG MORI,DMG MORI — японско-немецкий станкостроительный холдинг специализирующийся на разработке и продаже ст...,NaN,Япония
MotoCMS,Продвинутый онлайн конструктор сайтов MotoCMS — это самый простой способ создать свой сайт без каких-либо знаний кода.,NaN,США
SendGrid,"SendGrid — это платформа, которая улучшит транзакционные рассылки и позволит масштабировать их для решения задач email-маркетинга.",NaN,США
G-core,"G-Core Labs — международная компания, успешно разрабатывающая умные и функциональные продукты для любых потребностей современного веба .",NaN,Люксембург
Cognet,"Cogent - один из крупнейших в мире  интернет-провайдеров, предоставляющий высококачественные услуги Интернета, Ethernet и коллокации.",NaN,США
Kaleido AI GmbH,remove.,NaN,США
Marriott,Marriott International— международная компания по управлению гостиничными сетями.,NaN,США
Pixabay,"Pixabay — это международный веб-сайт, на котором в качестве общественного достояния (по лицензии Creative Commons CC0) выложены фотографии, векторные графики и короткие видеоролики.",NaN,Германия
Canva,"Canva — кроссплатформенный сервис для графического дизайна
Закрыли доступ к сайту из РФ, закрыли доступ к поддержке - не понятно как вернуть деньги за ПРО теперь.",NaN,Австралия
Syncfusion,"Syncfusion предоставляет лучшие сторонние компоненты пользовательского интерфейса для веб-форм WinForms, WPF, ASP.",NaN,США
GTmetrix,"GTmetrix — это веб-сервис, позволяющий анализировать скорость загрузки сайта и получить рекомендации по оптимизации.",NaN,Канада
samsonite,Samsonite International S.,NaN,США
Webex,Cервис видеоконференций WebEx прекратил работу в России.,NaN,США
DeviantArt,DeviantArt — коммерческая онлайн-галерея и сообщество художников общего типа.,NaN,США
BrickLink,Маркетплейс дла продавцов и покупателей новых и б\/у деталей Лего.,NaN,США
Riot Games,Компания Riot Games собрала $5.,NaN,США
McDonald's,Американская сеть ресторанов McDonald’s объявил об уходе с российского рынка.,NaN,США
Shell,"Shell приостановила продажу топлива на заправках в России с 15 мая, программа лояльности закроется 20 мая.",NaN,Великобритания
Gett ,Компания Gett прекратит работу в России с 1 июня.,NaN,Израиль
Depesz,Depesz сайт для анализа информации.,NaN,Швеция
Downdetector,"Сервис, который позволяет узнать состояние любого другого сайта.",NaN,США
Omega,"Omega — швейцарская часовая компания, выпускающая наручные часы класса &quot;Люкс&quot; под торговой маркой Omega
.",NaN,Швейцария
Testbirds,"Testbirds, ведущий мировой провайдер краудтестинга, помогает клиентам создавать цифровые продукты.",NaN,Германия
Setapp Ltd.,"Setapp – это большая коллекция мощных программ для Mac, доступных по подписке.",NaN,Украина
PariMatch,Parimatch – крупнейший инвестор в развитие спорта на национальном и региональном уровнях.,NaN,Украина
Maxam,Maxam-специализируется на энергетических материалах.,NaN,Испания
Sercobe,"SERCOBE является национальной ассоциацией · Мы представляем более 400 компаний и групп, связанных с проектированием, производством, сборкой.",NaN,Испания
Urbatek,Торговая марка Urbatek входит в объединение PORCELANOSA Grupo и специализируется на производстве технического керамогранита.,NaN,Испания
Noken,"Noken Porcelanosa Bathrooms — компания группы PORCELANOSA, специализирующаяся на оборудовании для ванных комнат.",NaN,Испания
Butech,Компания Butech —подразделение группы Porcelanosa фирма разрабатывает новые строительные решения для...,NaN,Испания
LAntic Colonial,"Испанская сеть магазинов: элитные покрытия, сантехника и керамическая плитка для ванной и кухни.",NaN,Испания
Krion,"KRION® — материал типа «твердая поверхность» (Solid Surface) нового поколения, разработанный компанией Systempool, которая входит в группу PORCELANOSA.",NaN,Испания
Gamadecor,Gamadecor-компания производства мебели.,NaN,Испания
Venis,"Venis фабрика из Испании, известная всей Европе и миру как один из лучших производителей керамической плитки.",NaN,Испания
Porcelanosa,"Porcelanosa Group - испанский производитель, дистрибьютор и продавец керамической плитки.",NaN,Испания
TeamViewer ,TeamViewer – это ведущая международная ИТ-компания со штаб-квартирой в городе Гёппинген на юге Германии.,NaN,Германия
Refactoring Guru,,NaN,Украина
Dentsu Russia,Dentsu Russia — один из крупнейших рекламных холдингов в России.,NaN,Япония
English Dom,"EnglishDom — онлайн школа английского языка нового поколения, один из лидеров EdTech в Восточной Евр...",NaN,Кипр
VPNhub,Сервис предназначен для обхода региональных ограничений и блокировок от провайдеров.,NaN,США
DigiKey,Крупный магазин запчастей для электроники DigiKey приостановил работу магазина и сайта на территории РФ.,NaN,США
Helpcrunch,"Компания HelpCrunch перестала оказывать услуги на территории РФ, денежные средства потраченные на подписку компания перечисляет в поддержку ВСУ.",NaN,США
Kingston Technology,Компания Kingston - Крупнейший независимый производитель устройств памяти объявил о приостановке поставок в РФ в связи с ситуаций на Украине.,NaN,США
Maincast,,NaN,Украина
"LPP (Reserved, House, Cropp)","Польский производитель одежды LPP (управляет брендами Reserved, House, Cropp, Mohito и Sinsay) принял решение о продаже российского подразделения, говорится в сообщении компании.",NaN,Польша
NetApp,NetApp приостановил выпуск лицензий на территории РФ и РБ.,NaN,США
Renault,"Renault передает свои активы в РФ «городу Москве» за 1 рубль

Французский автомобильный концерн Re...",NaN,Франция
DJI,"Китайский производитель дронов DJI объявил о временном уходе из России и Украины
.",NaN,Китай
tickets.ru,,NaN,Россия
Platformio,,NaN,Украина
Test.io,"Платформа для тестировщиков по всему миру (тестирование на компьютере\/телефоне различных сайтов, приложений, устройств)Источник: https:\/\/academy.",NaN,Германия
Tebex,Tebex - магазин для монетизации игровых серверов.,NaN,Великобритания
SAP,"&lt;p&gt;SAP продолжает работать с российскими заказчиками, но приостановил заключение новых контрактов.",NaN,Германия
Momondo,&lt;p&gt;Еще один иностранный агрегатор авиабилетов перестал показывать билеты в России.,NaN,Дания
"Essity (Zewa, Libresse, Libero)","&lt;p&gt;Владеющая Zewa, Libresse и Libero компания уходит с рынка России.",NaN,Швеция
CoinPayments,&lt;p&gt;CoinPayments перестал работать на территории Российской Федерации.,NaN,Каймановы острова
SWS SkyWideSystems,Производство парашютного снаряжения.,NaN,Украина
GFI,https:\/\/www.,NaN,США
sodapdf,Этот веб-сайт не обслуживает клиентов из России и Беларуси.,NaN,Канада
Binance,"&lt;p&gt;Криптовалютная биржа Binance ограничила доступ для российских компаний и физлиц под санкциями, но не будет замораживать учетные записи россиян.",NaN,Китай
MaxMind,MaxMind is a Massachusetts-based digital mapping company that provides location data for IP addresses.,NaN,США
SlimHost,&lt;p&gt;Slim Host ввела ограничения в работе своего хостинга для пользователей из России.,NaN,Украина
Flaticon,flaticon.,NaN,США
"Parallels, Inc",&lt;p&gt;Parallels приостановил деятельность на территории России и Беларуси.,NaN,США
Bitdefender,&lt;p&gt;Bitdefender приостановил продажи и продления лицензий на свои продукты на территории Российской Федерации.,NaN,Румыния
Levi's (Levi Strauss & Co.),&lt;p&gt;Levi's приостановке работы магазинов в России.,NaN,США
Ball Corporation,&lt;p&gt;Производитель алюминиевой тары Ball Corporation уходит из России.,NaN,США
Henkel,&lt;p&gt;Henkel уведомил о продаже своих активов в России.,NaN,Германия
LOccitane,Французский бренд косметики и парфюмерии L'Occitane решил закрыть все магазины и онлайн-продажи в России.,NaN,Франция
Reckitt,"Британская компания Reckitt, производитель контрацептивов Durex и Contex, препаратов «Нурофен», «Стрепсилс» и Clearasil, объявила об уходе из России.",NaN,Великобритания
Guess,&lt;p&gt;Guess приостановил деятельность на территории Российской Федерации.,NaN,США
L’Occitane,,NaN,NaN
symless,Заблочили аккаунт т.,NaN,NaN
RIU Hotels & Resorts,"Испанская гостиничная сеть RIU разослала российским туроператорам письма-предупреждения, в которых с...",NaN,Испания
Currency.com,&lt;p&gt;Currency.,NaN,Беларусь
Targetorium,"Сообщество РРС Медиа ,специалист по рекламеTargetorium решили полностью запретить продажи любых продуктов от Targetorium в стране оккупанта.",NaN,Украина
Rainway Inc,&lt;p&gt;Rainway приостановил деятельность на территории России.,NaN,США
Gurock,&lt;p&gt;Gurock заблокировал аккаунты в Testrail для компаний из России и Белоруссии + ЛДНР.,NaN,Германия
Mattel,&lt;p&gt;Mattel приостановил поставки своей продукции в Россию.,NaN,США
Sumo Logic,"Сам сервис открывается и работает исправно, а вот по адресу https:\/\/help.",NaN,США
NXP Semiconductors,Закрыт сайт для доступа из РФ.,NaN,Нидерланды
REWASD,Компания больше не поддерживает reWASD и DAEMON Tools на территории России и Беларуси.,NaN,NaN
tmdb,Cайт заблокирован для российских ip.,NaN,NaN
Etutorium,Платформа для проведения вебинаров .,NaN,Россия
Boosteroid,"Сервис заблокировал доступ с российских ip-адресов, не вернул деньги за неиспользованные дни подписки.",NaN,NaN
Vimeo,&lt;p&gt;Vimeo ограничил доступ для российских пользователей.,NaN,США
Kingspan Group,"&lt;p&gt;Ирландская компания Kingspan, специализирующаяся на производстве стройматериалов, объявила об уходе с российского рынка.",NaN,Ирландия
jsFiddle Inc.,"&lt;p&gt;jsFiddle перестал работать для пользователей из России, сайт не открывается с российских IP.",NaN,Польша
HDrezka,Ограничен просмотр фильмов и сериалов для пользователей из России.,NaN,Россия
TWC Product and Technology,Сайт ограничил доступ на территории России.,NaN,США
ZenMate,&lt;p&gt;VPN сервис ZenMate перестал работать с российских IP.,NaN,США
Anchor,&lt;p&gt;Крупнейший бесплатный хостинг подкастов Anchor (принадлежит Spotify) приостановит работу в России.,NaN,США
Algosec,&lt;p&gt;AlgoSec приостановил продажу своей продукции и услуг в России.,NaN,США
Akamai,&lt;p&gt;Akamai приостановил свою деятельность на территории России и Беларуси&lt;\/p&gt;&lt;p&gt;Aka...,NaN,США
Intel,&lt;p&gt;Intel приостановила поставки процессоров в Россию (официально не подтверждено).,NaN,США
Ubuntu (Canonical Ltd),"&lt;p&gt;Британский разработчик Canonical прекратил поддержку, партнерские отношения, и предоставление услуг российским компаниям.",NaN,Великобритания
Acer,&lt;p&gt;Acer объявил о приостановке своей деятельности в России.,NaN,Тайвань
Team17,"Team 17 без коментариев прекратила продажи в России и изъяла из Steam Blasphemous, Worms, Overcooked и дюжину других игр.",NaN,Великобритания
Wargaming,"&lt;p&gt;Wargaming уходит из РФ и Белоруссии, передав бизнес по онлайн-играм российской компании.",NaN,Кипр
EOS DA,EOS DA приостановила свою деятельность и продажи на территории России.,NaN,США
Amazon CloudFront ,"Сам cloudfront работает, но сайты на нём падают имеют ограничения на территории России.",NaN,США
Amedia,Amedia о решении покинуть Россию.,NaN,Норвегия
Analog Devices,Доступ запрещен в соответствии с Правилами экспортного контроля США.,NaN,США
GnuDB,GnuDB закрыт для России из сочувствия Украинскому народу.,NaN,NaN
Ruckus,Для России установлена блокировка доступа к сайту поддержки\/скачивания драйверов\/обновлений.,NaN,США
edX,"Удаляют весь контент курсов edX, предлагаемых Российскими университетами.",NaN,США
OnShape,"Компания покинула Россию, деактивировав аккаунты российских пользователей.",NaN,NaN
Cadence,"Cadence Design Systems, Inc — компания, занимающаяся разработкой программного обеспечения для автоматизации проектирования электронных устройств и предоставлением инженерных услуг.",NaN,США
Live360,https:\/\/www.,NaN,NaN
badcode,https:\/\/badcode.,NaN,
World Cube Association,&lt;p&gt;World Cube Association запретил любые соревнования по спидкубингу (скоростная сборка кубика Рубика и других головоломок) на территории России и Беларуси.,NaN,США
Miltenyi Biotec,&lt;p&gt;Miltenyi Biotec прекратила поставлять в Россию оборудование для лечения рака.,NaN,Германия
softorino,&lt;p&gt;Softorino закрыл доступ к своим продуктам для России и Беларуси.,NaN,Украина
Chanel,&lt;p&gt;Chanel временно присоветовал деятельность в России.,NaN,Франция
Flatris,Flatris | Флетрис - многофункциональная шахматка квартир для застройщиков.,NaN,Украина
Zendesk,&lt;p&gt;Zendesk приостановил деятельность  в России и Беларуси и отключает аккаунты по истечению срока оплаченной подписки.,NaN,США
AppFollow,&lt;p&gt;AppFollow приостановил деятельность на территории Российской Федерации и Беларуси.,NaN,Финляндия
Stenders,&lt;p&gt;Stenders Cosmetics приостановила деятельность в России.,NaN,Латвия
Mattermost,&lt;p&gt;Mattermost перестал работать с российских IP.,NaN,США
EVE,,NaN,Украина
Johnson & Johnson,&lt;p&gt;Johnson &amp; Johnson приостанавливает поставки средств личной гигиены в Россию.,NaN,США
Decathlon,&lt;p&gt;Decathlon приостановит работу в России.,NaN,Франция
BLACKCATCARD,Платежные карты.,NaN,Мальта
Indie Cup,&lt;p&gt;Украинская компания Indie Cup приостановил свою деятельность на территории Российской Федерации.,NaN,Украина
Tripit,"TripIt - это приложение для путешествий, которое организует все ваши планы поездок в маршрут и объединяет все детали вашей поездки в одном месте.",NaN,США
OVHcloud,При регистрации не предоставляет выбора варианта &quot;Россия&quot; в поле &quot;страна пребывания&quot;.,NaN,Франция
heroku,"Heroku — облачная PaaS-платформа, поддерживающая ряд языков программирования.",NaN,США
FANUC,"Специализированная разработка решений для автоматизации производства
Учитывая ситуацию, FANUC приостановил все поставки в Россию и Беларусь.",NaN,Япония
Pearson,Издатель учебников по английскому также занимающийся приемом экзаменов по английскому языку.,NaN,NaN
mailtrap,"Mailtrap — онлайн-сервис для тестирования и разработки почтовых кампаний электронных писем, отправляемых с серверов разработчика.",NaN,NaN
Ott-Play by Alex,&lt;p&gt;Универсальный плеер Ott-Play (by Alex Ott-Play) прекратил работу для пользователей из России.,NaN,Украина
neberitrubku (Mister Group s.r.o),&lt;p&gt;Сайт и приложение &quot;Не бери трубку&quot; от компании &lt;a href=&quot;https:\/\/b2bhint.,NaN,Чехия
Gartner,&lt;p&gt;Международное аналитическое агентство Gartner приостановила деятельность в России.,NaN,США
Cambridge University Assessment,&lt;p&gt;Кембриджский университет приостановил\/перенес на неопределенный срок принятие Cambridge exam.,NaN,Великобритания
Coccinelle,&lt;p&gt;Coccinelle приостановил деятельность на территории России.,NaN,Италия
Theoutnet.com,&lt;p&gt;The Outnet приостановил продажу товаров для пользователей из России.,NaN,Италия
Lingvist,"Lingvist - это адаптивная платформа для изучения языков, доступная в международной публичной бесплатной бета-версии с 2014 года.",NaN,Швейцария
Fastw3b,&lt;p&gt;Fastw3b приостановил сотрудничество с пользователями из России и Беларуси.,NaN,Украина
Mockaroo,&lt;p&gt;Mockaroo перестал работу для пользователей из России.,NaN,Worldwide
SE Ranking,&lt;p&gt;SEranking.,NaN,США
Citrix,&lt;p&gt;Citrix приостановила все продажи и поддержку клиентов из России и Беларуси.,NaN,США
UPM,&lt;p&gt;UPM остановила поставки в Россию.,NaN,Финляндия
Audiokinetic,"&lt;p&gt;Audiokinetic прервала деловые отношения со всеми физическими и юридическими лицами, находящимися в Крымы, ДНР, ЛНР, России и Беларуси.",NaN,Канада
Screaming Frog,&lt;p&gt;Screaming Frog приостановил работу для российских пользователей.,NaN,Великобритания
Trailmakers (Flashbulb Games),,NaN,Дания
Veeam,&lt;p&gt;Компания Veeam приостановил продажи своей продукции в России.,NaN,Швейцария
Condé Nast (Advance Publications),&lt;p&gt;Condé Nast приостановил издательскую деятельность в России.,NaN,США
DXC Technology,&lt;p&gt;DXC Technology приостановил деятельность в России.,NaN,США
Finmap,"&lt;p&gt;Украинская компания Finmap прекратил деятельность с российскими пользователями, а также полностью закрыл доступ к данным.",NaN,Украина
inXile Entertainment,&lt;p&gt;inXile Entertainment приостановил продажу своих игр для России.,NaN,США
SCAD Soft,&lt;p&gt;SCAD Soft приостановил деятельность в России и Беларуси.,NaN,Украина
Expansive Worlds,&lt;p&gt;Игры компании Expansive Worlds стали недоступны на территории Российской Федерации.,NaN,Швеция
DipTrace,&lt;p&gt;DipTrace прекратил деятельность на территории России и Беларуси.,NaN,Украина
"Daz 3D (Daz Productions, Inc)","&lt;p&gt;Daz 3D перестал работать с российских IP, в том числе Daz Studio и Daz Install Manager.",NaN,США
MemoQ,&lt;p&gt;MemoQ приостановила продажи своих продуктов и услуг в России и Беларуси.,NaN,Венгрия
Spotify,&lt;p&gt;Spotify закрыл офис в России и скрыл контент государственных СМИ.,NaN,Швеция
ComAp,&lt;p&gt;ComAp отключил услуги WebSupervisor в России.,NaN,Чехия
MyLifeOrganized,&lt;p&gt;MyLifeOrganized приостанавливает продажи в России на неопределенный срок&lt;\/p&gt;.,NaN,Украина
Kahoot,"&lt;p&gt;Kahoot приостановил деятельность на территории Российской федерации&lt;\/p&gt;
&lt;p&gt;Kahoot! — игровая обучающая платформа, используемая в классе в школах и других учебных заведениях.",NaN,Италия
Snov.io,&lt;p&gt;Snov.,NaN,Украина
Sanofi,&lt;p&gt;Sanofi приостановил поставки не жизненно важных лекарств и вакцин в Россию и Беларусь.,NaN,Франция
New Relic,"&lt;p&gt;New Relic приостановил деятельность на территории России&lt;\/p&gt;
&lt;p&gt;New Relic - эт...",NaN,США
Johnson Controls,&lt;p&gt;Johnson Controls приостановила продажи и заключение новых договоров в России.,NaN,Ирландия
Imperva,&lt;p&gt;Imperva приостановил все бизнес-операции в России и Беларуси.,NaN,США
AttaPoll,"&lt;p&gt;AttaPoll перестал работать на территории Российской Федерации&lt;\/p&gt;
&lt;p&gt;AttaPoll — Простое и легкое англоязычное приложение для заработка на опросах.",NaN,Великобритания
Zadarma,&lt;p&gt;Zadarma прекратила деятельность на территории Российской Федерации.,NaN,Украина
Sharp,&lt;p&gt;Sharp приостанавливает отправку своей продукции в Россию.,NaN,Япония
VistaCreate (Crello LTD),&lt;p&gt;VistaCreate: Редактор Дизайнов от Crello LTD удален с Российского &lt;a href=&quot;https:\/\/apps.,NaN,Украина
Nestlé,"&lt;p&gt;Nestle прекратит продажу в РФ товаров таких брендов, как Nesquik и KitKat.",NaN,Швейцария
 Hewlett Packard Enterprise,&lt;p&gt;Hewlett Packard Enterprise деактивировала всех зарегистрированных пользователей из России и Белоруссии.,NaN,США
Trend Micro,Производитель антивирусного ПО.,NaN,Япония
Qualys,"&lt;p&gt;Qualys приостановил деятельность на территории России и Беларуси, а также аннулировал лицензии.",NaN,США
Talent.com,&lt;p&gt;Talent.,NaN,США
MacPaw,"&lt;p&gt;Компания MacPaw, которая разработала популярное приложение CleanMyMac, объявила о приостановке продажи своих продуктов в России и россиянам.",NaN,Украина
PwC (PricewaterhouseCoopers),"&lt;p&gt;PwC в России сообщило, что выходит из состава международной сети фирм и продолжит работу, поддерживая при этом тесные связи с ней.",NaN,Великобритания
Altium,&lt;p&gt;Altium Limited прекратила продажу ПО для клиентов из России.,NaN,США
Eneba,&lt;p&gt;Eneba закрыла доступ пользователям из России.,NaN,Литва
SiteGround,&lt;p&gt;SiteGround закрыл доступ для пользователей из России.,NaN,Болгария
Games Workshop,&lt;p&gt;Games Workshop приостанавливает все продажи продукции Warhammer в России.,NaN,Великобритания
Name.com,&lt;p&gt;Name.,NaN,США
The MathWorks (Matlab),&lt;p&gt;MathWorks отзывает лицензии у российских студентов и университетов.,NaN,США
Techland,&lt;p&gt;Techland приостановила продажу игр в белорусском и российском Steam.,NaN,Польша
Kraft Heinz,"&lt;p&gt;Kraft Heinz прекратила инвестиции, импорт и экспорт.",NaN,США
Elastic,&lt;p&gt;Компания Elastic прекратила продажу продукции компаниям в России.,NaN,США
The Qt Company,"&lt;p&gt;Скандинавский разработчик софта Qt Group, на базе продуктов которого российские компании создают интерфейсы и приложения, ограничил доступ для российских пользователей.",NaN,Финляндия
Avivi,"&lt;p&gt;Украинская веб-студия Avivi, которая также имеет офисы в Москве выражает свою позицию про &quot;Корабль&quot;.",NaN,Украина
Gameloft,"&lt;p&gt;Gameloft временно приостановил бизнес с Россией и Беларусью, а также, удалил все игры для этих стран.",NaN,Франция
Desigual ,&lt;p&gt;Desigual удалил\/отключил &lt;a href=&quot;https:\/\/www.,NaN,Испания
Notino.ru,&lt;p&gt;Notino приостановил обработку заказов интернет-магазина.,NaN,Чехия
MakeUpStore,&lt;p&gt;Польский интернет-магазин MakeUpStore приостановил деятельность на территории России и Беларуси.,NaN,Польша
1Password,&lt;p&gt;1Password приостановил деятельность на территории Российской Федерации.,NaN,Канада
TUI Group ,&lt;p&gt;TUI Group приостановил деятельность на территории России.,NaN,Германия
ApiX-Drive,&lt;p&gt;ApiX-Drive перестал работать для пользователей из России.,NaN,Эстония
Sisters Aroma,&lt;p&gt;Sisters Aroma временно приостанавливает поставки косметики и сопутствующих товаров в Россию.,NaN,Украина
KILIAN,&lt;p&gt;Kilian временно приостанавливает поставки косметики и сопутствующих товаров в Россию.,NaN,США
DKNY ,&lt;p&gt;DKNY временно приостанавливает поставку товаров в Россию.,NaN,США
Tommy Hilfiger,&lt;p&gt;Компания - владелец Tommy Hilfiger и Calvin Klein сворачивает деятельность в РФ с 7 марта.,NaN,США
Too Faced,&lt;p&gt;The Estée Lauder Companies приостановила всю коммерческую деятельность на территории России.,NaN,США
GLAMGLOW,&lt;p&gt;GLAMGLOW временно приостановил поставки в Россию.,NaN,США
Jo Malone,&lt;p&gt;Jo Malone временно приостанавливает поставки косметики и сопутствующих товаров в Россию.,NaN,Великобритания
La Mer,&lt;p&gt;La Mer временно приостанавливает поставки косметики и сопутствующих товаров в Россию.,NaN,США
LAB SERIES,&lt;p&gt;LAB SERIES временно приостанавливает поставки косметики и сопутствующих товаров в Россию.,NaN,США
Le Labo,&lt;p&gt;Le Labo временно приостанавливает поставки косметики и сопутствующих товаров в Россию.,NaN,США
The Michael Kors ,&lt;p&gt;The Michael Kors временно приостанавливает поставки косметики и сопутствующих товаров в Россию.,NaN,США
Origins,&lt;p&gt;Origins временно приостанавливает поставки косметики и сопутствующих товаров в Россию.,NaN,США
Smashbox Cosmetics,&lt;p&gt;Smashbox Cosmetics временно приостанавливает поставки косметики и сопутствующих товаров в Россию.,NaN,США
Tom Ford Beauty,&lt;p&gt;Tom Ford Beauty временно приостанавливает поставки косметики и сопутствующих товаров в Россию.,NaN,США
DARPHIN,&lt;p&gt;DARPHIN временно приостанавливает поставки косметики и сопутствующих товаров в Россию.,NaN,Франция
Donna Karan Cosmetics,&lt;p&gt;Donna Karan Cosmetics временно приостанавливает поставки косметики и сопутствующих товаров в Россию.,NaN,США
Dr.Jart+ ,&lt;p&gt;Dr.,NaN,Корея
Frédéric Malle,&lt;p&gt;Frédéric Malle временно приостанавливает поставки косметики и сопутствующих товаров в Россию.,NaN,США
Ermenegildo Zegna,&lt;p&gt;Ermenegildo Zegna временно приостанавливает поставки косметики и сопутствующих товаров в Россию.,NaN,Италия
Bobbi Brown Cosmetics ,&lt;p&gt;Bobbi Brown Cosmetics временно приостанавливает поставки косметики и сопутствующих товаров в Россию.,NaN,США
AVEDA,&lt;p&gt;AVEDA временно приостанавливает поставки косметики и сопутствующих товаров в Россию.,NaN,США
Aramis,&lt;p&gt;Aramis временно приостанавливает поставки косметики и сопутствующих товаров в Россию.,NaN,США
AERIN Beauty,&lt;p&gt;AERIN Beauty временно приостанавливает поставки косметики и сопутствующих товаров в Россию.,NaN,США
Clinique,&lt;p&gt;Clinique временно приостанавливает поставки косметики и сопутствующих товаров в Россию.,NaN,США
Mac Cosmetics,&lt;p&gt;Mac Cosmetics временно приостанавливает поставки косметики и сопутствующих товаров в Россию.,NaN,Канада
Bosch,&lt;p&gt;Немецкая компания Bosch решила приостановить свою деятельность в России и прекратить производство запчастей для грузовиков.,NaN,Германия
Sirv,&lt;p&gt;Sirv приостановила деятельность на территории России.,NaN,Великобритания
ACCA,&lt;p&gt;ACCA приостановил деятельность на территории России и Беларуси.,NaN,Великобритания
Stripo,&lt;p&gt;Stripo прекратил работу с жителями Российской Федерации.,NaN,Украина
Fonterra,&lt;p&gt;Новозеландский производитель молочных продуктов и ингредиентов Fonterra на фоне военной операции на Украине принял решение закрыть свой офис в Москве.,NaN,Новая Зеландия
Bonava (ЮИТ),&lt;p&gt;Шведский девелопер Bonava объявил об уходе с рынка Санкт-Петербурга.,NaN,Швеция
Blackpack,&lt;p&gt;Blackpack приостановил деятельность (доставку) своих рюкзаков на территорию Российской Федерации.,NaN,Украина
Palo Alto Networks,"Palo Alto Networks, мировой лидер в области кибербезопасности, постоянно внедряет инновации для обеспечения безопасной цифровой трансформации, даже несмотря на ускорение темпов изменений.",NaN,США
CircleCI,Платформа непрерывной интеграции для лучших инженерных команд мира.,NaN,США
DAEMON Tools (Disc Soft Ltd),&lt;p&gt;DAEMON Tools перестал поддерживать Deamon Tools и reWASD на территории России и Беларуси.,NaN,Украина
WebPromoExperts,&lt;p&gt;Украинская компания WebPromoExperts приостановила деятельность на территории Российской Федерации.,NaN,Украина
Synology,&lt;p&gt;Synology вынуждено прекратил деятельность на территории России и Беларуси.,NaN,Тайвань
Plastic SCM,"Plastic SCM — это система управления версиями, которая помогает командам сосредоточиться на выполнении работы, выполняя одну задачу за раз.",NaN,Испания
Jungheinrich AG,Jungheinrich AG — немецкий производитель подъемно-погрузочной техники и складского оборудования.,NaN,Германия
"Collar, WauDog, Puller","&lt;p&gt;Collar, WauDog, Puller приостановили деятельность на территории Российской Федерации.",NaN,Украина
RS Components,&lt;p&gt;RS Components перестал работать на территории Российской Федерации.,NaN,Великобритания
Hilton Hotels,&lt;p&gt;Hilton принял решение приостановить деятельность по открытию новых отелей в России.,NaN,США
Литнет (Litnet),&lt;p&gt;Литнет закрыл доступ пользователям из России&lt;p&gt;&lt;b&gt;Литнет (англ.,NaN,Украина
Cloverhost,&lt;p&gt;CloverHost прекратил обслуживать клиентов из России.,NaN,Украина
Soda PDF,&lt;p&gt;LULU Software закрыла сайт для пользователей из России.,NaN,Канада
Square Enix,&lt;p&gt;Square Enix приостановила продажу игр в России в Steam и Epic Games Store.,NaN,Япония
Capcom,&lt;p&gt;Capcom без предупреждения сняла все свои игры с продажи в российском Steam.,NaN,Япония
Envato,&lt;p&gt;Envato остановила выплаты авторам из России.,NaN,США
G2A,&lt;p&gt;G2A.,NaN,Гонконг
Hyatt Hotels Corp,&lt;p&gt;Hyatt решил приостановить строительство новых отелей на территории России.,NaN,США
Lenovo,&lt;p&gt;Lenovo запретила загрузку драйверов и обновлений для пользователей из России.,NaN,Китай
OpenCartForum,&lt;p&gt;OpenCartForum – форум для программистов по OpenCart.,NaN,Worldwide
PortaOne,"PortaOne — глобальный
разработчик программного обеспечения для телекоммуникаций.",NaN,Украина
Halliburton,"Halliburton — американская транснациональная корпорация, одна из крупнейших в мире компаний, оказывающих сервисные услуги в нефте- и газодобывающей отрасли.",NaN,США
Schlumberger,Schlumberger — крупнейшая нефтесервисная компания.,NaN,США
Ataccama,Ataccama — международный разработчик программного обеспечения.,NaN,Ангилья
SSLs.com,&lt;p&gt;SSLs.,NaN,США
Crunchyroll,&lt;p&gt;Crunchyroll закрыл доступ для пользователей из России&lt;\/p&gt;&lt;p&gt;&lt;b&gt;Crunchyrol...,NaN,Япония
Reima,&lt;p&gt;Финские компания Reima временно закрыли интернет-продажи детской одежды в России.,NaN,Финляндия
LG Electronics,&lt;p&gt;LG Electronics приостанавливает все поставки в Россию.,NaN,Корея
Nebosh,&lt;p&gt;Nebosh прекратила работу на территории России и Беларуси.,NaN,Великобритания
Worksection,"&lt;p&gt;Worksection прекратила поддержку действующих клиентов из России, включая новые регистрации, заключение договоров и выставление счетов.",NaN,Украина
JavaRush,&lt;p&gt;JavaRush испытывает трудности в доступности на территории России для основного домена javarush.,NaN,Россия
Sony Playstation Network,"&lt;p&gt;Sony приостанавливает работу Playstation Store, поставки консолей и игр в Россию.",NaN,Япония
Melodics,"Melodics-музыкальная программа для изучения клавиатуры, пэды и ударные.",NaN,Новая Зеландия
Exante,"EXANTE — это технологическая компания, предоставляющая централизованные торговые решения и финансовую инфраструктуру B2B.",NaN,Кипр
PimEyes,Польский сервис PimEyes для поиска людей в интернете .,NaN,Польша
Xerox,&lt;p&gt;Xerox ограничила экспорт товаров в Россию.,NaN,США
Avto.pro,&lt;p&gt;Украинский онлайн маркетплейс автозапчастей avto.,NaN,Украина
Hays,Hays - Международная рекрутинговая компания.,NaN,Великобритания
Hitachi,&lt;p&gt;Hitachi приостанавливает свою деятельность в России.,NaN,Япония
Fujitsu,&lt;p&gt;Японская компания Fujitsu прекратила поставки новой продукции в Россию.,NaN,Япония
CityBee,"Компания каршеринга CityBee в Эстонии работающие не в России, но занимающиеся дискриминацией русских.",NaN,Эстония
pixel federation,"Pixel Federation, Ltd.",NaN,Словакия
Evolution CMS,CMS - это бесплатная платформа с открытым исходным кодом для разработки сайтов и сервисов.,NaN,Украина
AbbVie,&lt;p&gt;AbbVie приостанавливает поставки ботокса и филлеров в Россию.,NaN,США
Bayer,"&lt;p&gt;Bayer прекратила все расходы в России и Беларуси, не связанные с поставками основных товаров для здравоохранения и сельского хозяйства.",NaN,Германия
Crunchbase,&lt;p&gt;Crunchbase закрыл доступ к сервису для пользователей из России.,NaN,США
Interkassa,&lt;p&gt;Interkassa перестала работать на территории Российской Федерации.,NaN,Украина
MongoDB,&lt;p&gt;Облачный сервис MongoDB отключил аккаунты пользователей из РФ.,NaN,США
Bungie,&lt;p&gt;Bungie приостановила продажу Destiny 2 на территориях России и Беларуси.,NaN,США
INSYDIUM,"&lt;p&gt;Компания INSYDIUM приостановила все лицензии пользователей из РФ,а деньги потраченные перев...",NaN,Великобритания
Carlsberg Group,&lt;p&gt;Carlsberg прекращает производство и продажу продукции на территории РФ.,NaN,Дания
Auth0,&lt;p&gt;Auth0 приостановил работу с клиентами из России.,NaN,США
Udemy,&lt;p&gt;Udemy перестал принимать оплату новых регистраций на курсы от учащихся из России.,NaN,США
Otis,&lt;p&gt;Otis не будет принимать новые заказы на лифты в России.,NaN,США
Canada Goose,&lt;p&gt;Canada Goose приостановила все оптовые и электронные продажи в России.,NaN,Канада
DIDWW,&lt;p&gt;DIDWW приостановил работу всех лицевых счетов пользователей из России и Беларуси.,NaN,Ирландия
Space foundation,"&lt;p&gt;Космическая конференция &lt;b&gt;зацензурировала имя первого человека в космосе,&lt;\/b&gt; потому что он был русским.",NaN,США
Simplit.io,"Simple Integration

Простая интеграция 1С:Предприятие и облачных сервисов.",NaN,Украина
Skylum,&lt;p&gt;Skylum перестал работать с российских IP.,NaN,Украина
Pepperstone,&lt;p&gt;Pepperstone отключила торговые инструменты для граждан из России и Беларуси.,NaN,Австралия
Qualcomm,&lt;p&gt;Qualcomm приостановила продажи в России.,NaN,США
Rovio,&lt;p&gt;Rovio удалила все игры Angry Birds из российских App Store и Google Play.,NaN,Финляндия
ZAHIDHOST,&lt;p&gt;Хостинг провайдер Zahid.,NaN,Украина
YouControl,"&lt;p&gt;YouControl перестал работать с российских IP, а также на сайте появилась заглушка с нецензурной бранью.",NaN,Украина
Worksectoion,&lt;p&gt;Worksectoion прекратил поддержку действующих клиентов из России.,NaN,Украина
Template Monster,"&lt;p&gt;TemplateMonster прекращение сотрудничества и монетизации на российских блогах, сайтах и социальных сетях.",NaN,США
MilleFleur,&lt;p&gt;Магазин MilleFleur приостановил продажу товаров для рукоделия для России и Беларуси&lt;\/p&gt;.,NaN,Украина
MailerLite,MailerLite — это сборник инструментов для эффективного Email маркетинга.,NaN,Европейский союз
Pluralsight,"&lt;p&gt;Pluralsight заморозил подписки пользователей из России и Беларуси&lt;\/p&gt;
&lt;p&gt;Pluralsight, Inc.",NaN,США
Storytel,&lt;p&gt;&lt;b&gt;Storytel&lt;\/b&gt; - один из самых крупных мировых подписных сервисов аудио и электронных книг.,NaN,Швеция
Flickr,&lt;p&gt;Flickr отключил платные аккаунты россиян.,NaN,США
Dell,"&lt;p&gt;Мы приостановили продажи продуктов на Украине и в России и будем пристально следить за ситуацией, чтобы определить наши дальнейшие шаги&lt;\/p&gt;.",NaN,США
Host Tracker,"&lt;p&gt;Host Tracker ограничил доступ для пользователей из России и Беларуси&lt;\/p&gt;

&lt;p&gt;Хост-Трекер — это сервис для мониторинга работоспособности сайта.",NaN,Великобритания
Michelin (гастрономический гид),&lt;p&gt;Гастрономический гид Michelin заявил о заморозке всех своих проектов в России.,NaN,Франция
Michelin,&lt;p&gt;Michelin приостанавливает производство шин в России.,NaN,Франция
Brazzers,&lt;p&gt;Brazzers перестал работать для российских пользователей.,NaN,Канада
Twitch,&lt;p&gt;Twitch объявил о приостановке выплат российским стримерам из-за проблем с платежными системами.,NaN,США
Mozilla Firefox,&lt;p&gt;Mozilla Firefox удалила Яндекс из списка предлагаемых поисковых систем.,NaN,США
Mailchimp,&lt;p&gt;Mailchimp приостановил работу российских аккаунтов.,NaN,США
VPS.ua,&lt;p&gt;&lt;b&gt;VPS.,NaN,Украина
Netpeak Software,&lt;p&gt;NetPeak Software отключил доступ к продуктам для России и Беларуси без возврата средств.,NaN,Украина
HostPro,"&lt;p&gt;&lt;b&gt;HostPro&lt;\/b&gt; – украинская хостинговая компания, находящаяся на рынке IT-услуг уже более 21 года.",NaN,Украина
eKatalog (e-katalog.ru),"&lt;p&gt;e-Katalog - каталог товаров, сравнение, подбор, все цены интернет-магазинов.",NaN,Украина
KeepSolid Inc,KeepSolid VPN Unlimited - это программное обеспечение для персональной виртуальной частной сети.,NaN,США
Poker Stars,&lt;p&gt;Онлайн-сервис для игры в покер Poker Stars объявил о временной остановке работы в России.,NaN,Израиль
Nintendo ,&lt;p&gt;Nintendo приостановила поставки игровых консолей в Россию.,NaN,Япония
Payoneer,"&lt;p&gt;Payoneer — платёжная система, предоставляющая финансовые услуги и денежные онлайн-переводы.",NaN,США
Shutterstock,"&lt;p&gt;Shutterstock временно приостановил выплаты пользователям из России и Беларуси, однако продолжает работать с ними в обычном режиме.",NaN,США
ASUS,"&lt;p&gt;В Asus сообщили, что поставки товаров в Россию почти &quot;замерли&quot;.",NaN,Тайвань
Toyota,&lt;p&gt;Toyota не планирует уходить с российского рынка и закрывать завод в России.,NaN,Япония
Avira,&lt;p&gt;Антивирус Avira перестал обновлять базы данных российских пользователей.,NaN,Германия
Vans,&lt;p&gt;Фирменные магазины Vans объявили сотрудникам о приостановке работы компании в России.,NaN,США
JetBrains,"&lt;p&gt;11 марта компания релоцировала своих сотрудников из России и объявли, что приостанавливаем продажи и научно-исследовательскую деятельность в России на неопределенный срок.",NaN,Чехия
3M Company,&lt;p&gt;3M Co.,NaN,США
Amazfit Watch Faces,&lt;p&gt;AmazfitWatchFaces.,NaN,Украина
Amazon,&lt;p&gt;Amazon прекращает отправку товаров в Россию.,NaN,США
Amazon Web Services (AWS),&lt;p&gt;«Облачная» платформа Amazon запретила регистрацию новых клиентов из России и Белоруссии из-за «текущей ситуации и неопределённости»&lt;\/p&gt;.,NaN,США
OTTClub (онлайн телевидение),,NaN,Великобритания
Dassault Systèmes,"Мы — компания 3DEXPERIENCE
Dassault Systèmes предоставляет бизнесу и людям виртуальные вселенные, чтобы представить устойчивые инновации, способные гармонизировать продукт, природу и жизнь.",NaN,Франция
Bridgestone,Bridgestone Corporation — японская компания-производитель шин.,NaN,Япония
Wialon,Wialon — платформа для GPS-трекинга и IoT.,NaN,Литва
Ricoh,"Ricoh Company, Ltd.",NaN,Япония
Plugin Alliance,Plugin Alliance - компания по разработке софта.,NaN,США
Air Astana,"Air Astana — авиаперевозчик из Республики Казахстан, крупнейшая авиакомпания страны.",NaN,Казахстан
Grivel,Grivel-производство альпинистского снаряжения.,NaN,Италия
Stradivarius,"&lt;p&gt; Stradivarius , Zara, Pull&amp;Bear, Massimo Dutti, Bershka, приостанавливают работу в России.",NaN,Испания
CRAFTD,&lt;p&gt;CRAFTD приостановил всю коммерческую деятельность в России.,NaN,Великобритания
Miro,&lt;p&gt;Miro (до 2019 года — RealtimeBoard) — платформа для совместной работы распределенных команд...,NaN,США
Andersen People,&lt;p&gt;Украинская компания Anderson прекратила работу на территории Российской Федерации.,NaN,Украина
Smartproxy,&lt;p&gt;Smartproxy перестал обслуживать клиентов из России и Беларуси.,NaN,США
Miniart,,NaN,Украина
Bershka,"&lt;p&gt; Bershka , Zara, Pull&amp;Bear, Massimo Dutti, Stradivarius приостанавливают работу в России.",NaN,Испания
Reface,&lt;p&gt;Украинский стартап Reface начал рассылать российским пользователям уведомления с кадрами из Украины и призывом выходить на митинги.,NaN,Украина
KFC,"&lt;p&gt;Компания Yum! Brands, которой принадлежат бренды KFC и Pizza Hut, сообщила, что приостанавливает инвестиции и развитие в России.",NaN,США
Plarium ,&lt;p&gt;Plarium удалила свои игры для россиян.,NaN,Израиль
GratisDNS,&lt;p&gt;GratisDNS приостановил свою деятельность для граждан России и Беларуси.,NaN,Германия
Juniper,&lt;p&gt;Juniper приостановил поставки в Россию и Беларусь.,NaN,США
PULL&BEAR,&lt;p&gt;Pull&amp;Bear приостановил работу магазинов и онлайн-продажи на территории Российской Федерации.,NaN,Испания
Marsego,"&lt;p&gt;Дизайнерский бренд женской одежды MARSEGO «кинул» всех российских клиентов, собрав деньги з...",NaN,Украина
CD Projekt RED,&lt;p&gt;CD Projekt RED прекратила продажи игр в России и Беларуси.,NaN,Польша
DuckDuckGo,"&lt;p&gt;DuckDuckGo заявил, что выпускают обновление для своего поисковика, который будет занижать результаты российских СМИ сайтов с &quot;дезинформацией&quot;.",NaN,США
OnlyFans,,NaN,Великобритания
Grafana,&lt;p&gt;Grafana — это мультиплатформенное веб-приложение для аналитики и интерактивной визуализации с открытым исходным кодом.,NaN,Worldwide
Google,"&lt;p&gt;Google заблокировала создание аккаунтов AdSense, AdMob и ряда других сервисов в России.",NaN,США
Supercell,"&lt;p&gt;Supercell удалила свои игры из сторов в России и Беларуси, а также прекратила их поддержку.",NaN,Финляндия
Jira,"&lt;p&gt;10 марта Baza сообщила, что российские пользователи начали жаловаться на проблемы с Jira — популярным инструментом для управления задач в ИТ-компаниях.",NaN,Австралия
Patreon,&lt;p&gt;Из-за санкций против российских банков Patreon запрещает создателям контента выводить деньги.,NaN,США
Lush,&lt;p&gt;Lush приостановили поставки российскому лицензиату и прекратили онлайн-продажи в России.,NaN,Великобритания
Buildkite,,NaN,Австралия
uTest,&lt;p&gt;uTest приостановил работу в России и Беларуси.,NaN,США
GSC Game World,&lt;p&gt;GSC Game World является студией по разработке компьютерных игр в Украине.,NaN,Украина
SparkMail,&lt;p&gt;Компания Readdle которая владеет продуктом SparkMail прекращает продаж и поддержки приложений в России.,NaN,Германия
Slack,&lt;p&gt;Slack начал без предупреждения удалять российские аккаунты.,NaN,США
DeltaHost,&lt;p&gt;DeltaHost остановил обслуживание клиентов из России и установил заглушку с экстремистским содержанием.,NaN,Украина
Хостинг Украина,"&lt;p&gt;Хостинг Украина закрыл доступ для клиентов из России, а также подменяет сайт клиента на заглушку с оскорбительным содержанием.",NaN,Украина
WPHost,&lt;p&gt;WPHost остановил работу и установил баннер с оскорбительным содержанием.,NaN,Украина
SendPulse,"&lt;p&gt;&lt;b&gt;SendPulse&lt;\/b&gt; — это онлайн-сервис, позволяющий создавать наиболее персонализированное рассылки по e-mail, SMS и Viber.",NaN,Украина
GitLab,&lt;p&gt;Gitlab приостановил бизнес в России и Белоруссии.,NaN,Нидерланды
Lego Group,"&lt;p&gt; Lego приостановила поставки продукции в Россию в свете санкций, заявил представитель компании.",NaN,Дания
ImageShack,"&lt;p&gt;&lt;b&gt;ImageShack&lt;\/b&gt; - это веб-сайт с хостингом изображений на основе подписки, шт...",NaN,США
Feeld,"&lt;p&gt;Feeld - это приложение для онлайн-знакомств на основе местоположения для iOS и Android, кот...",NaN,Великобритания
WeTransfer,&lt;p&gt;WeTransfer перестал предоставлять услуги на территории РОссийской Федерации и Беларуси.,NaN,Нидерланды
"Meta Platforms (Facebook, Instagram, Whatsapp) ",&lt;p&gt;Meta Platforms Inc.,NaN,США
Niantic Labs,&lt;p&gt;Жителей России и Беларуси отключили от Pokemon Go.,NaN,США
keepincrm.com,"KeepinCRM — CRM-система, созданная в 2017 году для автоматизации бизнеса, объединившая весь спектр в...",NaN,Украина
Norton,&lt;p&gt;Компания Norton свернула свою деятельность в России довольно быстро: уже сейчас пользователи сталкиваются с невозможностью обновления антивирусных баз.,NaN,США
Collaborator,&lt;p&gt;Collaborator.,NaN,Кипр
Avast,&lt;p&gt;Norton и Avast приостановили продажи и сделали недоступными свои продукты в России.,NaN,Чехия
Lurkmore,&lt;p&gt;Сайт Lurkmore.,NaN,Украина
Tenable,,NaN,Великобритания
Brewdog,"&lt;p&gt;BrewDog — многонациональная сеть пивоварен и пабов, Была основана в 2007 году Джеймсом Уоттом и Мартином Дики, которые вместе владеют 46 % акций компании.",NaN,Великобритания
Devart,&lt;p&gt;Devart прекращает работу с пользователями из России и Белоруси.,NaN,Чехия
Ansys Inc.,,NaN,США
Deeper Sonar,,NaN,Литва
IT Hillel (Компьютерная школа),&lt;p&gt;Компьютерная школа Hillel — одна из крупнейших IT-школ в Украине.,NaN,Украина
CI Games,"&lt;p&gt;Польская CI Games, известная по серии Sniper: Ghost Warrior, тоже &lt;a href=&quot;https:\/\/twitter.",NaN,Польша
Humble Bundle Inc.,"&lt;p&gt;Humble Bundle прекращает продажи в России и Белоруссии&lt;\/p&gt;&lt;p&gt;
&lt;p&gt;В своем...",NaN,США
Unity,,NaN,США
YouTube,&lt;p&gt;YouTube полностью отключил монетизацию в России.,NaN,США
Weblancer,"&lt;p&gt;Weblancer – это онлайн биржа удаленной работы, представляющая собой удобный способ взаимодействия между работодателем и специалистом.",NaN,Украина
Logis,&lt;p&gt;LOGIS - поставщик бизнес-услуг и производитель программного обеспечения Advanced Planning &amp; Scheduling (APS) и Sales and Operations Planning (S&amp;OP).,NaN,Чехия
Djinni,&lt;p&gt;Джинн (djinni.,NaN,Украина
Badoo,&lt;p&gt;Американская Bumble Inc.,NaN,Кипр
Volkswagen Group,&lt;p&gt;Volkswagen Group решила остановить производство автомобилей в России.,NaN,Германия
Let’s Enhance,"&lt;p&gt;Let's Enhance — украинский стартап, разрабатывающий онлайн-сервис, созданный с помощью иску...",NaN,Украина
Gopax,&lt;p&gt;Южнокорейская криптобиржа заблокировала аккаунты россиян из-за санкций.,NaN,Корея
ЯБпоела,"&lt;p&gt;ЯБпоела – Кулинарный сайт, на котором собраны вкусные рецепты на каждый день и праздничный стол.",NaN,Украина
Fondy,&lt;p&gt;Fondy – Платежная система для приема карт VISA и MasterCard в Украине.,NaN,Великобритания
SAS,&lt;p&gt;SAS приостановил деятельность на территории Российской Федерации.,NaN,США
Freelancehunt,,NaN,Украина
Universal Audio,&lt;p&gt;Universal Audio в России и Беларуси больше не работают.,NaN,США
Terrasoft,&lt;p&gt;Украинская ИТ-компания Terrasoft объявила о прекращении работы с клиентами и партнерами в РФ и Беларуси из-за военного вторжения в Украину&lt;\/p&gt;&lt;p&gt;Об этом сообщает ЭП.,NaN,Украина
Herbalife Nutrition,"Herbalife Nutrition – одна из лидирующих международных компаний в области сбалансированного питания, которая помогает миллионам людей по всему миру вести активный и здоровый образ жизни.",NaN,США
British American Tobacco,"&lt;p&gt;British American Tobacco plc (BAT), один из крупнейших в мире производителей табачной продукции, принял решение уйти с российского рынка.",NaN,Великобритания
Wakanim,"&lt;p&gt;Wakanim — французская развлекательная компания, международный поставщик аниме-сериалов на о...",NaN,Франция
Lokalise,"&lt;p&gt;Lokalise — компания, предоставляющая облачную систему управления переводами.",NaN,Латвия
 Avalanche Studios \/ Systemic Reaction,&lt;p&gt;Avalanche Studios заблокировала все свои игры в Steam для пользователей из России.,NaN,Швеция
LucasArts,Lucasfilm Games — игровая студия киностудии Lucasfilm.,NaN,США
ravenscourt,Ravenscourt-Разработчик видеоигр.,NaN,Великобритания
Koch Media,Koch Media — немецко-австрийская массмедиа-компания.,NaN,Германия
Globalstar,"&lt;p&gt;Компания «Глобалтел», оператор российского сегмента международной сети мобильной спутниковой связи Globalstar, объявил о прекращении обслуживания абонентов.",NaN,США
InnoGames,InnoGames - один из крупнейших в мире разработчиков и издателей онлайн-игр.,NaN,Германия
"Strava, Inc.",&lt;p&gt;Strava приостановила работы сервисов в России и Беларуси.,NaN,США
Epic Games,&lt;p&gt;Epic Games останавливает коммерческие отношения с Россией.,NaN,США
Аквелон,"&lt;p&gt;28 февраля 2022г, сотрудникам Аквелона сообщили, что компания приняла решение закрыть все офисы в России, а это Иваново, Ярославль, Казань и множество сотрудников, работающих удаленно.",NaN,США
KPMG International Limited,"KPMG - одна из крупнейших в мире сетей, оказывающих аудиторские услуги.",NaN,Нидерланды
Behaviour Interactive,"Behaviour Interactive — независимая канадская компания, специализирующаяся на разработке компьютерных игр.",NaN,Канада
windguru,"Windguru Специальный прогноз ветра и погоды для виндсерфинга, кайтсерфинга и других видов спорта, связанных с ветром.",NaN,NaN
Apple Inc.,,NaN,США
Megogo,&lt;p&gt;Юридическое наименование компанией «ВАСКИАНИ ВЕНТУРЕС ЛИМИТЕД» (VASKIANI VENTURES LIMITED)&lt;\/p&gt;.,NaN,Украина
Adobe,"Adobe (Photoshop, Illustrator, Premiere Pro и т.",NaN,США
Audi,,NaN,Германия
BMW,,NaN,Германия
Boeing,"Производитель авиационной техники Boeing временно прекращает техническое обслуживание и поддержку российских авиакомпаний и поставки им запчастей, пишет Reuters со ссылкой на заявление компании.",NaN,США
Ford Motor Company,,NaN,США
General Motors,,NaN,США
Harley-Davidson,"«Поставки продукции действительно временно приостановлены, пока ситуация с курсом валют более или менее не стабилизируется и не прояснится ситуация с логистикой техники», — пояснил источник.",NaN,США
Honda,Решение о прекращении поставок было принято в связи с санкциями и ситуации в Украине.,NaN,Япония
Jaguar Land Rover,,NaN,Великобритания
Lufthansa Systems,,NaN,Германия
AMD,"AMD в устной форме сообщила российским производителям, что продукция AMD временно не поставляется на территорию России.",NaN,США
Autodesk,&lt;p&gt;Крупнейший поставщик ПО для строительства Autodesk приостанавливает работу в России.,NaN,США
Cisco Systems,&lt;p&gt;Американский производитель сетевого оборудования и программного обеспечения для бизнеса Cisco объявил о приостановке всех бизнес-операций в России и Беларуси.,NaN,США
Ericsson,"&lt;p&gt;Ericsson приостанавливает поставки в Россию&lt;\/p&gt;&lt;p&gt;Шведская компания Ericsson, е...",NaN,Швеция
Microsoft,&lt;p&gt;Microsoft приостановила продажи новых продуктов и предоставление услуг в России.,NaN,США
EPAM Systems Inc.,&lt;p&gt;Разработчик программного обеспечения EPAM Systems Inc.,NaN,США
HP (Hewlett Packard),&lt;p&gt;HP приостановила продажи своей продукции в России.,NaN,США
Nokia,&lt;p&gt;Nokia прекращает поставки телекоммуникационного оборудования в Россию.,NaN,Финляндия
Oracle,&lt;p&gt;Oracle приостановила все операции в России.,NaN,США
Panasonic,&lt;p&gt;Panasonic прекращает любые торговые операции с Россией.,NaN,Япония
Samsung,&lt;p&gt;Samsung приостановил поставки в Россию.,NaN,Корея
Serpstat,&lt;p&gt;SEO-платформа Serpstat заблокировала россйиские аккаунты без возврата средств.,NaN,Украина
Siemens,"&lt;p&gt;Siemens (поезда, заводы, программное обеспечение), приостановила все новые операции и международные поставки в Россию.",NaN,Германия
TSMC,&lt;p&gt;Taiwan Semiconductor Manufacturing Company (TSMC) прекратил поставки полупроводников в Россию (на базе его продукции производят российские процессоры).,NaN,Тайвань
Mastercard,&lt;p&gt;Mastercard отключает от обслуживания подпавшие под санкции российские банки.,NaN,США
PayPal,&lt;p&gt;Платежная система PayPal приостановила работу в России.,NaN,США
Paysera,,NaN,Литва
VISA,"&lt;p&gt;Карты VISA, MasterCard выпущенные на территории России по прежнему будут работать внутри страны.",NaN,США
CEX.IO,&lt;p&gt;Криптовалютная биржа CEX.,NaN,США
Kuna,&lt;p&gt;Криптовалютная биржа Kuna закрыла ввод и вывод рубля.,NaN,Великобритания
DMarket,&lt;p&gt;NFT-платформа DMarket заморозила счета пользователей из России и Беларуси и перевела их средства украинской армии.,NaN,США
DHL,"&lt;p&gt;Компания DHL не уходит с российского рынка, но приостанавливает доставку грузов из-за границы&lt;\/p&gt;
&lt;p&gt;Кроме того, компания временно прекратила работу на территорию Украины.",NaN,Германия
FedEx,&lt;p&gt;Логистические компании FedEx и United Parcel Service приостановили доставку грузов в Россию.,NaN,США
Kühne Nagel,"&lt;p&gt;Международная транспортно-логистическая компания Kuehne+Nagel, штаб-квартира которой находи...",NaN,Швейцария
Maersk,"&lt;p&gt;Maersk объяснил, почему приостановил отгрузку контейнеров в Россию.",NaN,Дания
UPS (United Parcel Service),&lt;p&gt;UPS и FedEx приостановили доставку грузов в Россию и на Украину&lt;\/p&gt;.,NaN,США
Airbnb,,NaN,США
ASOS,,NaN,Великобритания
Cartier,,NaN,Франция
Diageo,,NaN,Великобритания
iHerb,&lt;p&gt;iHerb приостановил прием заказов из России.,NaN,США
IKEA,,NaN,Швеция
Zara,"&lt;p&gt;Компания Inditex (бренды Zara, Massimo Dutti и т.",NaN,Испания
"H&M (COS, Monki и др.)",&lt;p&gt;H&amp;M приостановил продажи в России.,NaN,США
Karl Lagerfeld,&lt;p&gt;Основанный немецким модельером Карлом Лагерфельдом бренд Karl Lagerfeld временно прекратил поставки продукции в Россию в связи с началом военной операции РФ на Украине.,NaN,Германия
Kering,"&lt;p&gt;Группа компаний Kering, которой принадлежат люксовые бренды Gucci, Balenciaga и Yves Saint Laurent, объявила о временном закрытии своих магазинов в России.",NaN,Италия
Gucci,"&lt;p&gt;Группа компаний Kering, которой принадлежат люксовые бренды Gucci, Balenciaga и Yves Saint Laurent, объявила о временном закрытии своих магазинов в России.",NaN,Италия
Balenciaga,"&lt;p&gt;Группа компаний Kering, которой принадлежат люксовые бренды Gucci, Balenciaga и Yves Saint Laurent, объявила о временном закрытии своих магазинов в России.",NaN,Франция
Yves Saint Laurent,"&lt;p&gt;Группа компаний Kering, которой принадлежат люксовые бренды Gucci, Balenciaga и Yves Saint Laurent, объявила о временном закрытии своих магазинов в России.",NaN,Франция
LVMH,"&lt;p&gt;Корпорация выпускает бренды Christian Dior, Louis Vuitton, Givenchy, Guerlain, Moët &amp; Chandon, Hennessy, Chaumet и другие.",NaN,Франция
Nike,&lt;p&gt;Nike временно прекратила доставку заказов из интернет-магазина в Россию.,NaN,США
Swarovski,"&lt;p&gt;Австрийская ювелирная компания Swarovski объявила, что временно приостанавливает онлайн и офлайн-продажи на территории России.",NaN,Австрия
Whirlpool,"&lt;p&gt;Американская Whirlpool Corp, которая производит в России холодильники и стиральные машины н...",NaN,США
eBay,&lt;p&gt;eBay с 3 марта приостановил доставку заказов в РФ и на Украину.,NaN,NaN
Activision Blizzard,"&lt;p&gt;Американский разработчик видеоигр Activision Blizzard приостанавливает продажу своих игр в России до урегулирования ситуации с Украиной, сообщила компания.",NaN,США
BBC Studios,&lt;p&gt;BBC Studios отзывает лицензии и прекращает переговоры с российскими партнерами.,NaN,Великобритания
Disney,,NaN,США
Electronic Arts,&lt;p&gt;Разработчик компьютерных игр Electronic Arts (EA) сообщил о своем решении приостановить продажи всех своих продуктов в России и Белоруссии из-за ситуации в Украине.,NaN,США
Netflix,&lt;p&gt;Американский стриминговый сервис фильмов и сериалов Netflix приостановил работу над российскими проектами из-за ситуации на Украине.,NaN,США
Nintendo eShop,"&lt;p&gt;В российском Nintendo eShop приостановили обработку транзакций в рублях&lt;\/p&gt;
&lt;ul&g...",NaN,Япония
Paramount,&lt;p&gt;Paramount отказалась от проката своих фильмов в России (как минимум до мая).,NaN,США
Rockstar Games,"&lt;p&gt;Игры Rockstar Games (Red Dead Redemption, серия GTA) недоступны для покупки в России.",NaN,США
Sony,&lt;p&gt;Sony приостанавливает работу &lt;a href=&quot;https:\/\/store.,NaN,Япония
Valve,&lt;p&gt;Разработчик Counter-Strike ограничил для россиян способы оплаты в Steam.,NaN,США
Warner Bros,,NaN,США
Universal,&lt;p&gt;Кинокомпания Universal Pictures приостановила прокат своих фильмов в России.,NaN,США
UpWork,"&lt;p&gt;Международная фриланс-биржа Upwork в понедельник заявила, что решила прекратить работу в России и Беларуси.",NaN,США
WIX,"&lt;p&gt;Конструктор сайтов WIX запретил прием платежей через все российские платежные системы (ЮKassa, Робокасса, Fondy), выборочно закрывает сайты, как об этом пишут пользователи Пикабу.",NaN,Израиль
ИЛЬ ДЕ БОТЭ,"&lt;p&gt;Французская сеть магазинов парфюмерии и косметики «Иль де Ботэ» с 8 марта временно закрыла все магазины, а заказы в интернет-магазине не принимаются.",NaN,Франция
Brp,"Компания BRP является мировым лидером в сфере техники для активного отдыха и спорта, а также водометных систем.",NaN,Канада
Shopify,&lt;p&gt;Конструктор сайтов Shopify закрыл партнерский аккаунт некоторых разработчиков из России.,NaN,Канада
Qlik,,NaN,США
Atlassian (Trello),&lt;p&gt;Trello (Atlassian) приостановил деятельность в России.,NaN,Австралия
TLM,,NaN,США
LetyShops,"&lt;p&gt;&lt;b&gt;Прекратил работу в России, присвоив деньги россиян.",NaN,Украина
Salesforce,,NaN,США
Sectigo (Comodo),&lt;p&gt;Sectigo прекратил выдавать россиянам SSL-сертификаты&lt;\/p&gt;&lt;p&gt;Также в Telegram-кан...,NaN,США
RedHat,"&lt;p&gt;Компания Red Hat приняла решение разорвать партнёрские отношения со всеми компаниями, находящимися или имеющими штаб-квартиры в России или Беларуси.",NaN,США
Continental,&lt;p&gt;Германский производитель шин Continental приостанавливает производство и бизнес в России.,NaN,Германия
L'Oreal,&lt;p&gt;L'Oreal приостановит работу своих магазинов в России.,NaN,Франция
Estee Lauder,&lt;p&gt;Американский производитель косметики и парфюмерии Estee Lauder принял решение полностью приостановить свою деятельность в России из-за ситуации вокруг Украины.,NaN,США
Deezer,&lt;p&gt;Музыкальный стриминговый сервис Deezer заявил об уходе из России.,NaN,Франция
Paulig Group,"&lt;p&gt;Paulig Group (произносится Па́улиг груп) — финская компания, производитель кофе.",NaN,Финляндия
HashiCorp,&lt;p&gt;При заходе на сайт компании HashiCorp из России выдает ошибку &quot;Error 405 Not allowed&quot;&lt;\/p&gt;.,NaN,США
Depositphotos,,NaN,Украина
Booking,&lt;p&gt;«Booking.,NaN,Нидерланды
Accenture,"&lt;p&gt;Международная консалтинговая ИТ-компания спешно покидает Россию, бросив тысячи сотрудников.",NaN,Ирландия
Zabbix,,NaN,Worldwide
Yoox,"&lt;p&gt;Fashion-ритейлер Yoox Net-a-Porter Group объявил о том, что останавливает доставку в Россию в связи с ситуацией на Украине.",NaN,Италия
Coinbase,&lt;p&gt;Криптобиржа Coinbase закрыла больше 25 тыс.,NaN,США
Ableton,&lt;p&gt;Ableton приостанавливает продажи в России.,NaN,США
Crashplan (Code 42),"&lt;p&gt;CrashPlan — программное обеспечение для резервного копирования, позволяющее пользователям о...",NaN,США
OneBox OS,"&lt;p&gt;OneBox OS - это платформа, операционная система для бизнеса, она состоит из сотен приложений.",NaN,Украина
Hostinger,,NaN,Литва
AdsKeeper,,NaN,США
Farfetch,"&lt;p&gt;Farfetch приостановили продажи в России, как сообщают коллеги из &lt;a href=&quot;https:\/\/tass.",NaN,Великобритания
Unilever,"&lt;p&gt;Британская компания Unilever, являющаяся одним из мировых лидеров по производству товаров п...",NaN,Великобритания
Ajax,,NaN,Украина
IT-Enterprise,&lt;p&gt;IT-Enterprise – Современные IT-решения для управления бизнесом.,NaN,Украина
OBI,&lt;p&gt;Сеть магазинов строительных и хозяйственных товаров OBI прекратит работу в России.,NaN,Германия
Coursera,&lt;p&gt;Coursera приостанавливает свою деятельность на территории России.,NaN,США
Marks & Spencer,"&lt;p&gt;Модный бренд Marks &amp; Spencer приостановил продажи в России&lt;\/p&gt;

&lt;p&gt;&lt;b&...",NaN,Великобритания
VMware,&lt;p&gt;VMware остановила поддержку своих облачных платформ в России&lt;\/p&gt;.,NaN,США
Mango,&lt;p&gt;Mango временно прекратил работу в России.,NaN,Испания
Foxminded,,NaN,Украина
IBM,&lt;p&gt;Как сообщается в &lt;a href=&quot;https:\/\/tass.,NaN,США
Bethesda Softworks,&lt;p&gt;Все игры издательства Bethesda Softworks и дополнения для них стали недоступны для покупки в Steam и Epic Games Store с территории России.,NaN,США
Take-Two Interactive,"&lt;p&gt;Игровая студия Take-Two приостановила продажи и рекламу в России и Белоруссии, сообщил вице-президент компании Алан Льюис.",NaN,США
Adidas,&lt;p&gt;Adidas приостановит работу своих магазинов и онлайн-торговли в России.,NaN,Германия
American Express,&lt;p&gt;American Express приостановила работу в России и Белоруссии.,NaN,США
Fazer,&lt;p&gt;Fazer остановит всю деятельность в России.,NaN,Финляндия
Readdle,"&lt;p&gt;Популярные приложения Documents, Spark и другие от Readdle удалены из российского App Store...",NaN,США
S-Group,&lt;p&gt;Финский холдинг S-Group принял решение свернуть всю операционную деятельность в России в связи с недавними фундаментальными изменениями в бизнес-среде.,NaN,Финляндия
Tiu.ru,&lt;p&gt;Маркетплейс tiu.,NaN,Украина
TopCashback,,NaN,Индия
VPN Unlimited,,NaN,США
Airbus,&lt;p&gt;Airbus прекратила обслуживание своих самолетов в России.,NaN,Франция
DataArt,,NaN,США
AECOM,"&lt;p&gt;Консалтинговая компания AECOM уходит из России&lt;\/p&gt;
&lt;p&gt;AECOM - американская многонациональная инжиниринговая компания.",NaN,США
Sephora,&lt;p&gt;Sephora (рус.,NaN,Франция
Smartsender,,NaN,Украина
LEELOO,&lt;p&gt;LEELOO.,NaN,Украина
Volvo,&lt;p&gt;Volvo сообщил о приостановке бизнеса в России.,NaN,Швеция
Poster Pos,&lt;p&gt;CRM-система для общепита Poster отключила 10 тысяч клиентов из России и Белоруссии из-за ситуации на Украине.,NaN,Украина
Coca-Cola,,NaN,США
Rolex,&lt;p&gt;Компания Rolex приостанавливает экспорт в Россию.,NaN,Швейцария
Render Camp,Компания render.,NaN,Украина
Women'secrets,,NaN,Испания
PriceWaterhouseCoopers,"PricewaterhouseCoopers — международная сеть компаний, предлагающих услуги в области консалтинга и аудита.",NaN,Великобритания
JCB (платёжная система),&lt;p&gt;Японская платежная система JCB приостановит операции в России.,NaN,Япония
PepsiCo,"&lt;p&gt;Компания PepsiCo приостанавливает в России продажу напитков, а также рекламную деятельность, однако реализация детского питания продолжится.",NaN,США
Ionos,"&lt;p&gt;Ionos (ранее 1&amp;1 IONOS и 1&amp;1 Internet) – компания, предоставляющая услуги веб-хостинга.",NaN,Германия
Namecheap,&lt;p&gt;28 февраля регистратор доменов Namecheap сообщил о прекращении работы с российскими пользователями.,NaN,США
Kevuru Games,"Kevuru Games , разработчик игр.",NaN,Украина
Grammarly,&lt;p&gt;Grammarly — онлайн-сервис на основе искусственного интеллекта для помощи в написании текстов на английском языке.,NaN,США
Elan professional line,Профессиональная косметика ELAN.,NaN,Украина
Jooble,&lt;p&gt;Международная компания Jooble.,NaN,Украина
Mercedes-Benz Group AG,&lt;p&gt;Германский автопроизводитель Mercedes-Benz приостановит поставки легковых автомобилей в РФ и их производство на ее территории.,NaN,Германия
Daimler Truck AG,"Daimler Truck AG — один из крупнейших в мире производителей грузовых автомобилей, имеющий более 35 основных предприятий по всему миру и около 100 000 сотрудников.",NaN,Германия
Skyscanner ,"&lt;p&gt;Skyscanner – это метапоисковая система и туристическое агентство, расположенное в Эдинбурге, Шотландия.",NaN,Великобритания
Siemens Energy,,NaN,Германия
Trimble Inc.,"&lt;p&gt;Trimble — компания, работающая в области разработок систем определения местоположения по си...",NaN,США
Maxon,&lt;p&gt;Компания Maxon создает профессиональные 2D и 3D решения для индустрии CG.,NaN,Германия
TNT,&lt;p&gt;TNT временно приостановила деятельность на территории России.,NaN,США
Avid Technology,"&lt;p&gt;Avid Technology - американская компания, специализирующаяся на аудио и видеотехнологиях.",NaN,США
Junttan,"Junttan Oy - финская компания, которая специализируется на разработке, производстве, маркетинге и об...",NaN,Финляндия
Laba,"Журнал Laba — статьи о маркетинге, менеджменте, HR, продажах, бизнесе etc.",NaN,Украина
Robot Dreams,"&lt;p&gt;Robot_dreams – украинская онлайн-школа программирование, аналитики и дата анализу, аналітики та data science.",NaN,Украина
Ahrefs,,NaN,США
Jablotron,&lt;p&gt;Jablotron прекращает предоставление всех своих услуг в России.,NaN,Чехия
Fiskars,&lt;p&gt; Fiskars приостановила работу на территории Российской Федерации.,NaN,Финляндия
Luxoft,&lt;p&gt;Крупная IT-компания Luxoft покидает российский рынок из-за ситуации в Украине.,NaN,Швейцария
Flashscore,&lt;p&gt;Сервис спортивной статистики Flashscore.,NaN,Мальта
Docker,&lt;p&gt;В поддержку Украиской комьюнити на время конфликта останавливают все бизнес процессы с Российской стороной.,NaN,Worldwide
Crocoblock,"&lt;p&gt;Crocoblock - это набор инструментов для пользователей Elementor, который поставляется с мно...",NaN,Украина
Heineken,&lt;p&gt;В России приостанавливается выпуск пива под брендом Heineken.,NaN,Нидерланды
Mothercare,&lt;p&gt;Mothercare приостанавливает деятельность в России.,NaN,Великобритания
ethermine,&lt;p&gt;Ethermine остановили майнинг для России и Беларуси.,NaN,США
Zortrax,Zortrax - польский производитель 3D-принтеров и нитей для рынка SMB и быстрых прототипов для отрасле...,NaN,Польша
Universal Music Group,"&lt;p&gt;Звукозаписывающая компания Universal Music Group приостанавливает деятельность в России, сообщает издание &lt;a href=&quot;https:\/\/www.",NaN,США
Nvidia,&lt;p&gt;Nvidia приостановила продажи своей продукции в России.,NaN,США
Figma,,NaN,США
Restream,Restream — облачный многопотоковый сервис.,NaN,США
Inditex,"&lt;p&gt;Inditex - владелец бренда Zara рассчитывает вернуться в Россию, когда это будет возможно.",NaN,Испания
Acronis ,"&lt;p&gt;Acronis заявила о приостановке всех операций в России&lt;\/p&gt;
&lt;p&gt;Acronis для нас, ...",NaN,США
Fortinet,"&lt;p&gt;Компания Fortinet объявила о приостановке деятельности в России&lt;\/p&gt;
&lt;p&gt;Компани...",NaN,США
Mikrotik,"&lt;p&gt;Mikrotik, латвийский производитель маршрутизаторов, прекратил поставки своей продукции в Россию и Беларусь.",NaN,Латвия
SuSe,"SUSE - это немецкая международная компания по разработке программного обеспечения с открытым исходным кодом, которая разрабатывает и продает продукты Linux бизнес-клиентам.",NaN,Германия
SE Ranking,&lt;p&gt;SE Ranking прекратила работу в Российской Федерации и любое взаимодействие с российскими пользователями.,NaN,США
Logitech,,NaN,Швейцария
Cgtrader,CGTrader — маркетплейс 3D моделей для VR\/AR и CG projects и сообщества профессиональных 3D-дизайнеров.,NaN,Литва
Noiz.io,"&lt;p&gt;Noizio – это приложение, которое заглушит шум улицы и позволит вам сосредоточиться на работе, повысив производительность труда.",NaN,Украина
Digital Extremes,"Digital Extremes — частная компания, которая специализируется на разработке компьютерных игр.",NaN,Канада
Parkrun,"паркран — еженедельные мероприятия, где необходимо пробежать или пройти дистанцию 5 км, проводящиеся в городских парках во многих странах мира.",NaN,Великобритания
Ninja Sushi,Ninja Sushi — премиальный сервис доставки блюд японской кухни .,NaN,Украина
Puma,&lt;p&gt;Puma приостановила продажи в России.,NaN,Германия
DiDi,&lt;p&gt;DiDi прекратит работу в России и Казахстане.,NaN,Китай
JYSK,Jysk — датская транснациональная корпорация владеющая Мебельными магазинами.,NaN,Дания
HOSTiQ,&lt;p&gt;HOSTiQ.,NaN,Украина
Lamborghini,&lt;p&gt;Итальянские автомобильные компании Lamborghini и Ferrari сообщили о приостановке своей деятельности на территории России.,NaN,Италия
Discovery,&lt;p&gt;Американская медиакомпания Discovery приостанавливает трансляцию телеканалов и временно ост...,NaN,США
Danone,&lt;p&gt;Danone не планирует уходить с российского рынка.,NaN,Франция
ESET,,NaN,Словакия
Reserved,&lt;p&gt;Польская компания одежды Reserved приостановила работу на территории России.,NaN,Польша
Sinsay,Sinsay-Магазин одежды.,NaN,Польша
Cropp,&lt;p&gt;Cropp приостановил деятельность на территории России.,NaN,Польша
OkayCMS ,&lt;p&gt;Украинская система управления сайтом для интернет-магазинов.,NaN,Украина
Epson,,NaN,Япония
Ferrari,,NaN,Италия
VistaCreate aka Crello,VistaCreate Графический онлайн-редактор изображений.,NaN,Великобритания
NETSCOUT,"NETSCOUT Systems, Inc.",NaN,США
CGMOON,"&lt;p&gt;Польский сайт для загрузки 3D-моделей CGMood приостановил работу для российских пользователей, в связи с невозможностью выплат.",NaN,Польша
Ubisoft,"&lt;p&gt;Ubisoft (Assassin’s Creed, Far Cry, Watch Dogs) решила временно не продавать свои игры на территории Российской Федерации.",NaN,Франция
reFX,refx - компания по разработке программного обеспечения.,NaN,Канада
Victoria's Secret,"&lt;p&gt;Victoria's Secret приостановила работу магазинов и сайта в России, сообщают в &lt;a href=&quot;https:\/\/quote.",NaN,США
Bloober Team,"Bloober Team SA — польская компания, разработчик компьютерных игр, расположенная в Кракове.",NaN,Польша
Wise,&lt;p&gt;Британский финтех-сервис по трансграничным платежам Wise объявил об остановке денежных переводов в РФ после новых санкций против России.,NaN,Великобритания
Teknos,Ведущий поставщик лакокрасочных покрытий для промышленности и бытового применения.,NaN,Финляндия
Small Giant Games,"Small Giant Games - компания по разработке мобильных игр, расположенная в Хельсинки, Финляндия.",NaN,Финляндия
Valio,&lt;p&gt;Valio и Paulig прекращают работу в России.,NaN,Финляндия
Camunda Services GmbH,Camunda Services GmbH Компания по разработке программного обеспечения в Берлине.,NaN,Германия
Kinross Gold,Kinross Gold Corporation — канадская золотодобывающая компания.,NaN,Канада
Philip Morris,&lt;p&gt;Philip Morris работает над обеспечением беспрерывности производства в РФ.,NaN,США
Imperial Brands,&lt;p&gt;Imperial Brands передаст бизнес российской компании.,NaN,Великобритания
Ninja Sushi,Ninja Sushi — премиальный сервис доставки блюд японской кухни .,NaN,Украина
Puma,&lt;p&gt;Puma приостановила продажи в России.,NaN,Германия
DiDi,&lt;p&gt;DiDi прекратит работу в России и Казахстане.,NaN,Китай
JYSK,Jysk — датская транснациональная корпорация владеющая Мебельными магазинами.,NaN,Дания
HOSTiQ,&lt;p&gt;HOSTiQ.,NaN,Украина
Lamborghini,&lt;p&gt;Итальянские автомобильные компании Lamborghini и Ferrari сообщили о приостановке своей деятельности на территории России.,NaN,Италия
Discovery,&lt;p&gt;Американская медиакомпания Discovery приостанавливает трансляцию телеканалов и временно ост...,NaN,США
Danone,&lt;p&gt;Danone не планирует уходить с российского рынка.,NaN,Франция
ESET,,NaN,Словакия
Reserved,&lt;p&gt;Польская компания одежды Reserved приостановила работу на территории России.,NaN,Польша
Sinsay,Sinsay-Магазин одежды.,NaN,Польша
Cropp,&lt;p&gt;Cropp приостановил деятельность на территории России.,NaN,Польша
OkayCMS ,&lt;p&gt;Украинская система управления сайтом для интернет-магазинов.,NaN,Украина
Epson,,NaN,Япония
Ferrari,,NaN,Италия
VistaCreate aka Crello,VistaCreate Графический онлайн-редактор изображений.,NaN,Великобритания
NETSCOUT,"NETSCOUT Systems, Inc.",NaN,США
CGMOON,"&lt;p&gt;Польский сайт для загрузки 3D-моделей CGMood приостановил работу для российских пользователей, в связи с невозможностью выплат.",NaN,Польша
Ubisoft,"&lt;p&gt;Ubisoft (Assassin’s Creed, Far Cry, Watch Dogs) решила временно не продавать свои игры на территории Российской Федерации.",NaN,Франция
reFX,refx - компания по разработке программного обеспечения.,NaN,Канада
Victoria's Secret,"&lt;p&gt;Victoria's Secret приостановила работу магазинов и сайта в России, сообщают в &lt;a href=&quot;https:\/\/quote.",NaN,США
Bloober Team,"Bloober Team SA — польская компания, разработчик компьютерных игр, расположенная в Кракове.",NaN,Польша
Wise,&lt;p&gt;Британский финтех-сервис по трансграничным платежам Wise объявил об остановке денежных переводов в РФ после новых санкций против России.,NaN,Великобритания
Teknos,Ведущий поставщик лакокрасочных покрытий для промышленности и бытового применения.,NaN,Финляндия
Small Giant Games,"Small Giant Games - компания по разработке мобильных игр, расположенная в Хельсинки, Финляндия.",NaN,Финляндия
Valio,&lt;p&gt;Valio и Paulig прекращают работу в России.,NaN,Финляндия
Camunda Services GmbH,Camunda Services GmbH Компания по разработке программного обеспечения в Берлине.,NaN,Германия
Kinross Gold,Kinross Gold Corporation — канадская золотодобывающая компания.,NaN,Канада
Philip Morris,&lt;p&gt;Philip Morris работает над обеспечением беспрерывности производства в РФ.,NaN,США
Imperial Brands,&lt;p&gt;Imperial Brands передаст бизнес российской компании.,NaN,Великобритания
Pond5,Pond5 — это нью-йоркский онлайн-рынок бесплатных медиа.,NaN,США
TideOver Studios,"Разработчик поднял для России цену на игру до 11405841,12 pуб.",NaN,NaN
Alaric von Teplitz,"Казуальный кликер \/ менеджер ресурсов, в котором вы поставлены управлять фэнтезийным золотым рудником.",NaN,NaN
Tesy,"ТЕСИ является крупнейшим болгарским и ведущим европейским производителем электрических водонагревателей, водонагревателей с непрямым нагревом.",NaN,Болгария
Backendless,"Backendless – платформа бэкенд как сервис (Backend as a Service), которая предоставляет готовую облачную серверную инфраструктуру.",NaN,NaN
Hugo boss,&lt;p&gt;Hugo Boss закрывает магазины и приостанавливает онлайн-торговлю в России.,NaN,Германия
Mitsubishi Electric,&lt;p&gt;Mitsubishi Electric вынуждено приостановила поставки и ведение бизнеса на территории Российской Федерации.,NaN,Япония
Mondelez,&lt;p&gt;Mondelez прекратит капиталовложения и приостановит расходы на рекламу в России.,NaN,США
Mars,&lt;p&gt;Американская компания Mars прекращает инвестировать в бизнес на территории России и импортировать или экспортировать продукцию.,NaN,США
Caterpillar,Caterpillar Inc.,NaN,США
Crocs,&lt;p&gt;Crocs приостановили продажи товаров и доставку в России.,NaN,США
Shiseido Group,Shiseido Group косметическая компания.,NaN,Япония
Danfoss,&lt;p&gt;Danfoss приостановил поставки в Россию.,NaN,Дания
Cartoon Network,&lt;p&gt;Телеканал Cartoon Network прекращает вещание в России.,NaN,США
Viessmann,"Viessmann — торговая марка, принадлежащая семейному предприятию Viessmann Werke GmbH &amp; Co.",NaN,Германия
Формула-1 (Formula-1),&lt;p&gt;&quot;Формула-1&quot; расторгла контракт на проведение Гран-при России.,NaN,NaN
Electrolux,&lt;p&gt;Шведский производитель бытовой техники Electrolux приостановил все операции в России.,NaN,Швеция
Opencart,"&lt;p&gt;OpenCart — платформа электронной коммерции, ориентированная на создание интернет-магазинов.",NaN,Гонконг
Etsy,&lt;p&gt;Etsy приостановил действия аккаунтов пользователей из России.,NaN,США
GoDaddy,&lt;p&gt;Регистратор доменов GoDaddy перестал принимать российские рубли как средство платежа.,NaN,США
MicroFocus,&lt;p&gt;MicroFocus перестала обслуживать клиентов из России.,NaN,Великобритания
Rehau ,"Rehau — немецкая компания, специализирующаяся на разработке систем для строительства, решений для индустрии и мебельной промышленности, а также автомобилестроения.",NaN,Германия
UNLIM,"Хостинг, домены и сервера: самый быстрый в мире безлимитный и распределённый хостинг на NVMe-дисках.",NaN,NaN
Starbucks,&lt;p&gt;Starbucks приостановит бизнес в России.,NaN,США
Burger King,&lt;p&gt;Американская сеть ресторанов быстрого питания Burger King объявила о приостановке корпоративной поддержки российского рынка.,NaN,США
Allright,&lt;p&gt;Украинская онлайн школа английского языка для детей All Right приостановила деятельность на территории Российской Федерации.,NaN,Украина
Sad Cat Studios,&lt;p&gt;Sad Cat Studios - Разработчик видеоигр приостановил деятельность в Российской Федерации.,NaN,Беларусь
Yaware,&lt;p&gt;Yaware прекратила всякое сотрудничество с компаниями Российской Федерации и Республики Беларусь.,NaN,США
MultiSearch,&lt;p&gt;MultiSearch – программное обеспечение для организации умного поиска на своем сайте.,NaN,Великобритания
Oysho,"&lt;p&gt;Oysho - испанский ритейлер одежды, специализирующийся на женской домашней одежде и нижнем белье.",NaN,Испания
Feedfry,Сервис преобразования ссылок в rss заблокировал доступ пользователей из России и Беларуси.,NaN,Украина
Contabo,Contabo API позволяет легко управлять всеми ресурсами облачного хостинга через HTTP.,NaN,Германия
The Body Shop,"The Body Shop® - международная оригинальная и этичная компания, которая производит великолепную косм...",NaN,Великобритания
adminjs.co,AdminJS - это автоматически сгенерированная административная панель с открытым исходным кодом для вашего приложения Node.,NaN,Великобритания
Amway,https:\/\/www.,NaN,США
DUO Security (Cisco),Duo security - сервис двойная аутентификация пользователей.,NaN,США
Lamel,,NaN,Великобритания
Esri,"Esri является мировым лидером на рынке программного обеспечения географических информационных систем (ГИС), анализа местоположения и картографирования.",NaN,США
pnpm,pnpm создает на вашем компьютере единый репозиторий .,NaN,Украина
Soundtrap,"Soundtrap — это бесплатная онлайн-кроссплатформенная цифровая звуковая рабочая станция для браузеров, которая позволяет пользователям создавать музыку или подкасты.",NaN,Швеция
Leaflet,"Leaflet — библиотека с открытым исходным кодом, написанная на JavaScript, предназначенная для отображения карт на веб-сайтах.",NaN,Украина
wikidot.com,Wikidot Inc.,NaN,Польша
Your Story Interactive,"Your Story Interactive, независимая студия по разработке игр, которая создала популярное приложение &quot;Клуб Романтики&quot; больше не нанимает русских сценаристов.",NaN,Молдова
Fibery,"Компания позиционирует себя как сервис замены Notion, Miro, Planfix.",NaN,Беларусь
Rebellion,Студия-разработчик и издатель Компания Rebellion решила прекратить распространять свои продукты в России.,NaN,Великобритания
Electronic Sports League (ESL),Международная киберспортивная организация ESL наложила санкции на две команды: Virtus.,NaN,Германия
Amazon Games,"Amazon Game Studios — подразделение Amazon, занимающееся разработкой компьютерных игр.",NaN,США
Private Division,"Издатель, дочерняя компания Take-Two Interactive.",NaN,США
MyFonts,Ограничен доступ к сайту для пользователей из России и Белоруссии.,NaN,США
LyricsTranslate,Lyrics Translate – Многоязычное сообщество переводчиков.,NaN,США
vilebrequin,vilebrequin- Французски бренд одежды.,NaN,Франция
ask.fm,"ASKfm — сеть вопросов и ответов, запущенная в июне 2010 года.",NaN,Ирландия
Align Technology,"Align Technology — производитель цифровых 3D-сканеров и прозрачных капп Invisalign, используемых в ортодонтии.",NaN,США
TIBCO Software,"Tibco — американская компания-разработчик программного обеспечения для организаций, один из основных поставщиков связующего программного обеспечения.",NaN,США
Exxon Mobil Corp,"Exxon Mobil Corporation — американская компания, одна из крупнейших нефтяных компаний в мире, одна из крупнейших корпораций в мире по размеру рыночной капитализации.",NaN,США
Open Text,"Канадская компания Open Text – поставщик программного обеспечения, специализируется в области управления корпоративным контентом.",NaN,Канада
Helly Hansen ,Helly Hansen  Магазин одежды.,NaN,Норвегия
Emulroom,Сайт с большой базой данных консольных игр.,NaN,Украина
Bankoff,"Bankoff - сервис создания виртуальных платежных карт, которыми можно было расплачиваться в интернете за иностранные сервисы.",NaN,США
Chess.com,Chess.,NaN,США
Feedfry,Сервис преобразования ссылок в rss заблокировал доступ пользователей из России и Беларуси.,NaN,Украина
Contabo,Contabo API позволяет легко управлять всеми ресурсами облачного хостинга через HTTP.,NaN,Германия
The Body Shop,"The Body Shop® - международная оригинальная и этичная компания, которая производит великолепную косм...",NaN,Великобритания
adminjs.co,AdminJS - это автоматически сгенерированная административная панель с открытым исходным кодом для вашего приложения Node.,NaN,Великобритания
Amway,https:\/\/www.,NaN,США
DUO Security (Cisco),Duo security - сервис двойная аутентификация пользователей.,NaN,США
Lamel,,NaN,Великобритания
Esri,"Esri является мировым лидером на рынке программного обеспечения географических информационных систем (ГИС), анализа местоположения и картографирования.",NaN,США
pnpm,pnpm создает на вашем компьютере единый репозиторий .,NaN,Украина
Soundtrap,"Soundtrap — это бесплатная онлайн-кроссплатформенная цифровая звуковая рабочая станция для браузеров, которая позволяет пользователям создавать музыку или подкасты.",NaN,Швеция
Leaflet,"Leaflet — библиотека с открытым исходным кодом, написанная на JavaScript, предназначенная для отображения карт на веб-сайтах.",NaN,Украина
wikidot.com,Wikidot Inc.,NaN,Польша
Your Story Interactive,"Your Story Interactive, независимая студия по разработке игр, которая создала популярное приложение &quot;Клуб Романтики&quot; больше не нанимает русских сценаристов.",NaN,Молдова
Fibery,"Компания позиционирует себя как сервис замены Notion, Miro, Planfix.",NaN,Беларусь
Rebellion,Студия-разработчик и издатель Компания Rebellion решила прекратить распространять свои продукты в России.,NaN,Великобритания
Electronic Sports League (ESL),Международная киберспортивная организация ESL наложила санкции на две команды: Virtus.,NaN,Германия
Amazon Games,"Amazon Game Studios — подразделение Amazon, занимающееся разработкой компьютерных игр.",NaN,США
Private Division,"Издатель, дочерняя компания Take-Two Interactive.",NaN,США
MyFonts,Ограничен доступ к сайту для пользователей из России и Белоруссии.,NaN,США
LyricsTranslate,Lyrics Translate – Многоязычное сообщество переводчиков.,NaN,США
vilebrequin,vilebrequin- Французски бренд одежды.,NaN,Франция
ask.fm,"ASKfm — сеть вопросов и ответов, запущенная в июне 2010 года.",NaN,Ирландия
Align Technology,"Align Technology — производитель цифровых 3D-сканеров и прозрачных капп Invisalign, используемых в ортодонтии.",NaN,США
TIBCO Software,"Tibco — американская компания-разработчик программного обеспечения для организаций, один из основных поставщиков связующего программного обеспечения.",NaN,США
Exxon Mobil Corp,"Exxon Mobil Corporation — американская компания, одна из крупнейших нефтяных компаний в мире, одна из крупнейших корпораций в мире по размеру рыночной капитализации.",NaN,США
Open Text,"Канадская компания Open Text – поставщик программного обеспечения, специализируется в области управления корпоративным контентом.",NaN,Канада
Helly Hansen ,Helly Hansen  Магазин одежды.,NaN,Норвегия
Emulroom,Сайт с большой базой данных консольных игр.,NaN,Украина
Bankoff,"Bankoff - сервис создания виртуальных платежных карт, которыми можно было расплачиваться в интернете за иностранные сервисы.",NaN,США
Chess.com,Chess.,NaN,США
Reebok,,NaN,США
O'Reilly,&lt;p&gt;O’Reilly — заблокировал доступ для пользователей России.,NaN,Великобритания
STEX (Data Protection Corporation),STEX (ранее stocks.,NaN,NaN
Fiverr,&lt;p&gt;Fiverr - это израильский онлайн-рынок для услуг фрилансера .,NaN,Израиль
VictoriaMetrics,"&lt;p&gt;VictoriaMetrics - это быстрая, экономичная и масштабируемая база данных временных рядов.",NaN,США
Uniqlo (Fast Retailing CO Ltd),&lt;p&gt;Uniqlo временно приостанавливает деятельность в России.,NaN,Япония
